run,controller,tau_peak,fail_sol,fail_frac,cell,start_cycle,critical_outage_h,hours_below_T_min,min_cabin_C,min_soc,science_done_frac,essential_uptime_frac
0,mpc,3.5096046175158238,12.009459156539254,0.2884203880478985,B0005,65,0.0,0.0,18.5,0.10926724261826498,0.905,0.9330628803245437
0,naive,3.5096046175158238,12.009459156539254,0.2884203880478985,B0005,65,19.0,26.0,14.274045460961583,0.0,0.989140503578958,0.9787018255578094
0,rule_based,3.5096046175158238,12.009459156539254,0.2884203880478985,B0005,65,0.0,47.0,16.19585765887441,0.01541293437856763,0.885,0.9776876267748479
1,mpc,2.0392511695508286,23.163231979938136,0.12464053338024358,B0018,25,0.0,0.0,18.874304657306222,0.5153679488597039,1.0,1.0
1,naive,2.0392511695508286,23.163231979938136,0.12464053338024358,B0018,25,0.0,0.0,18.779028426070294,0.594789418060402,1.0,1.0
1,rule_based,2.0392511695508286,23.163231979938136,0.12464053338024358,B0018,25,0.0,0.0,18.779028426070294,0.594789418060402,1.0,1.0
2,mpc,2.8929733441773675,8.990988853266586,0.12991309475921967,B0018,94,0.0,0.0,18.499999999999996,0.14756138325089607,0.9925,0.9959432048681541
2,naive,2.8929733441773675,8.990988853266586,0.12991309475921967,B0018,94,0.0,0.0,18.779028426070294,0.1599545412063683,1.0,1.0
2,rule_based,2.8929733441773675,8.990988853266586,0.12991309475921967,B0018,94,0.0,0.0,18.25247223920378,0.2837333468850688,0.9475,1.0
3,mpc,2.6417645255470554,13.893990384130564,0.24938514712453902,B0006,107,0.0,0.0,18.874304657306222,0.30495323977904215,1.0,1.0
3,naive,2.6417645255470554,13.893990384130564,0.24938514712453902,B0006,107,0.0,0.0,18.779028426070294,0.41817614049537344,1.0,1.0
3,rule_based,2.6417645255470554,13.893990384130564,0.24938514712453902,B0006,107,0.0,0.0,18.770810305416425,0.41817012716653407,0.935,1.0
4,mpc,2.325378280319079,nan,0.0,B0006,22,0.0,0.0,18.874304657306222,0.594623843294124,1.0,1.0
4,naive,2.325378280319079,nan,0.0,B0006,22,0.0,0.0,18.779028426070294,0.6321040740738848,1.0,1.0
4,rule_based,2.325378280319079,nan,0.0,B0006,22,0.0,0.0,18.779028426070294,0.6321040740738848,1.0,1.0
5,mpc,4.326405105971509,nan,0.0,B0006,26,12.0,216.0,1.6335483730328875,0.0,0.68,0.6815415821501014
5,naive,4.326405105971509,nan,0.0,B0006,26,135.0,231.0,3.4758327480839744,0.0,0.8528946642406907,0.8529411764705882
5,rule_based,4.326405105971509,nan,0.0,B0006,26,83.0,274.0,6.25088065049008,0.0,0.6525,0.7738336713995944
6,mpc,3.502142359499137,15.984748456410223,0.1891089205427108,B0018,77,0.0,0.0,18.5,0.10044209658846939,0.88,0.8955375253549696
6,naive,3.502142359499137,15.984748456410223,0.1891089205427108,B0018,77,27.0,40.0,13.741529628268669,0.0,0.9861192426763766,0.9685598377281948
6,rule_based,3.502142359499137,15.984748456410223,0.1891089205427108,B0018,77,0.0,63.0,16.15270368128176,0.03766003267039925,0.84,0.9756592292089249
7,mpc,4.039950862944858,nan,0.0,B0018,55,5.0,78.0,11.60327705864993,0.0,0.8175,0.808316430020284
7,naive,4.039950862944858,nan,0.0,B0018,55,70.0,98.0,10.030276657187043,0.0,0.9546008434546774,0.9259634888438134
7,rule_based,4.039950862944858,nan,0.0,B0018,55,20.0,149.0,11.48581530787075,0.0,0.78,0.9006085192697769
8,mpc,4.032626869321948,nan,0.0,B0006,49,14.0,265.0,3.4277852368483464,0.0,0.62,0.6308316430020284
8,naive,4.032626869321948,nan,0.0,B0006,49,165.0,279.0,5.176750707397943,0.0,0.8396926079729775,0.821501014198783
8,rule_based,4.032626869321948,nan,0.0,B0006,49,96.0,318.0,8.297697168962014,0.0,0.5975,0.7302231237322515
9,mpc,2.8172889691821545,20.994361317285374,0.22449155423222633,B0005,12,0.0,0.0,18.874304657306222,0.5155698823757018,1.0,1.0
9,naive,2.8172889691821545,20.994361317285374,0.22449155423222633,B0005,12,0.0,0.0,18.779028426070294,0.5954643103324353,1.0,1.0
9,rule_based,2.8172889691821545,20.994361317285374,0.22449155423222633,B0005,12,0.0,0.0,18.779028426070294,0.5954643103324353,1.0,1.0
10,mpc,3.339514328092109,16.10149274679329,0.2412287330300027,B0006,18,0.0,0.0,18.46922918931257,0.08986796667594839,0.7875,0.8133874239350912
10,naive,3.339514328092109,16.10149274679329,0.2412287330300027,B0006,18,63.0,81.0,12.337735532278966,0.0,0.9755924971410704,0.9320486815415822
10,rule_based,3.339514328092109,16.10149274679329,0.2412287330300027,B0006,18,1.0,108.0,15.30503589871486,0.0,0.725,0.9462474645030426
11,mpc,3.408308838773489,16.410761755261962,0.34560370059581014,B0006,108,0.0,0.0,18.5,0.14149688548452855,0.9475,0.9594320486815415
11,naive,3.408308838773489,16.410761755261962,0.34560370059581014,B0006,108,2.0,2.0,17.394716698701366,0.0,0.9991315719761724,0.9979716024340771
11,rule_based,3.408308838773489,16.410761755261962,0.34560370059581014,B0006,108,0.0,22.0,16.64918417636495,0.14782926138447713,0.8625,0.9979716024340771
12,mpc,3.9516167109449807,21.486104372109015,0.133000505872283,B0018,109,14.0,229.0,4.533613685435136,0.0,0.6775,0.6805273833671399
12,naive,3.9516167109449807,21.486104372109015,0.133000505872283,B0018,109,143.0,236.0,5.818828879946386,0.0,0.8645761608905187,0.8468559837728195
12,rule_based,3.9516167109449807,21.486104372109015,0.133000505872283,B0018,109,81.0,269.0,8.472188159245187,0.0,0.67,0.7748478701825557
13,mpc,2.19744867893564,19.765732080476116,0.24246417865788417,B0006,86,0.0,0.0,18.874304657306222,0.360856295273037,1.0,1.0
13,naive,2.19744867893564,19.765732080476116,0.24246417865788417,B0006,86,0.0,0.0,18.779028426070294,0.46504015736285975,1.0,1.0
13,rule_based,2.19744867893564,19.765732080476116,0.24246417865788417,B0006,86,0.0,0.0,18.772430835389514,0.4650347375117598,0.98,1.0
14,mpc,3.4642557632510362,29.98647879925839,0.26186957836705105,B0018,68,4.0,37.0,15.137137635816412,0.0,0.7,0.7210953346855984
14,naive,3.4642557632510362,29.98647879925839,0.26186957836705105,B0018,68,110.0,140.0,11.178332702234837,0.0,0.9557318872775792,0.8843813387423936
14,rule_based,3.4642557632510362,29.98647879925839,0.26186957836705105,B0018,68,22.0,218.0,12.72100969193451,0.0,0.665,0.8661257606490872
15,mpc,3.517669571518413,14.245761321213674,0.27346651241526887,B0018,41,0.0,0.0,18.47798196581402,0.18917365097407765,0.945,0.9756592292089249
15,naive,3.517669571518413,14.245761321213674,0.27346651241526887,B0018,41,0.0,0.0,18.16893819127063,0.0,0.9986214044217889,1.0
15,rule_based,3.517669571518413,14.245761321213674,0.27346651241526887,B0018,41,0.0,15.0,16.84819299877698,0.184750604242796,0.9425,1.0
16,mpc,3.1067349777357784,32.99538402714363,0.24446186711107132,B0005,79,0.0,0.0,18.5,0.14462738707972256,0.9125,0.9776876267748479
16,naive,3.1067349777357784,32.99538402714363,0.24446186711107132,B0005,79,4.0,8.0,16.885064494219023,0.0,0.996402089060723,0.9949290060851927
16,rule_based,3.1067349777357784,32.99538402714363,0.24446186711107132,B0005,79,0.0,29.0,16.79351098798148,0.18745051508838287,0.8825,1.0
17,mpc,4.053329684084536,22.594770040448665,0.21762232291672162,B0005,41,8.0,155.0,5.524661617357499,0.0,0.755,0.7586206896551724
17,naive,4.053329684084536,22.594770040448665,0.21762232291672162,B0005,41,105.0,170.0,6.15584635539635,0.0,0.9018266813763234,0.8904665314401623
17,rule_based,4.053329684084536,22.594770040448665,0.21762232291672162,B0005,41,55.0,206.0,8.463818047885947,0.0,0.74,0.8377281947261663
18,mpc,3.1373976892377717,12.251805729167039,0.24981130690186742,B0006,58,0.0,0.0,18.46866846699302,0.14492439687717013,0.815,0.9249492900608519
18,naive,3.1373976892377717,12.251805729167039,0.24981130690186742,B0006,58,37.0,52.0,14.044330322310348,0.0,0.9817330724690878,0.960446247464503
18,rule_based,3.1373976892377717,12.251805729167039,0.24981130690186742,B0006,58,0.0,74.0,16.205626178927776,0.034790924066123344,0.815,0.9665314401622718
19,mpc,2.9899876197343076,11.600341027101951,0.12512914779505505,B0005,60,0.0,0.0,18.45357126610393,0.14668948814787874,0.9275,0.9898580121703854
19,naive,2.9899876197343076,11.600341027101951,0.12512914779505505,B0005,60,0.0,0.0,18.33130881547597,0.0,0.9989315306781832,0.9989858012170385
19,rule_based,2.9899876197343076,11.600341027101951,0.12512914779505505,B0005,60,0.0,20.0,16.84886915271637,0.22055663344746246,0.915,1.0
20,mpc,2.7091882032205037,18.663011703810273,0.23582736153101935,B0018,80,0.0,0.0,18.874304657306222,0.35809349127092477,1.0,1.0
20,naive,2.7091882032205037,18.663011703810273,0.23582736153101935,B0018,80,0.0,0.0,18.779028426070294,0.4605921914024624,1.0,1.0
20,rule_based,2.7091882032205037,18.663011703810273,0.23582736153101935,B0018,80,0.0,0.0,18.772788014288704,0.46059217644265416,0.9875,1.0
21,mpc,2.2021285318058545,nan,0.0,B0018,80,0.0,0.0,18.874304657306222,0.5120655225830931,1.0,1.0
21,naive,2.2021285318058545,nan,0.0,B0018,80,0.0,0.0,18.779028426070294,0.5809152262351928,1.0,1.0
21,rule_based,2.2021285318058545,nan,0.0,B0018,80,0.0,0.0,18.779028426070294,0.5809152262351928,1.0,1.0
22,mpc,4.29604189014062,28.22907589241831,0.194981517111935,B0006,23,10.0,207.0,1.5829450551157795,0.0,0.6975,0.6866125760649088
22,naive,4.29604189014062,28.22907589241831,0.194981517111935,B0006,23,128.0,219.0,3.1887684294807586,0.0,0.8572039898734414,0.8620689655172413
22,rule_based,4.29604189014062,28.22907589241831,0.194981517111935,B0006,23,84.0,260.0,5.894057901925876,0.0,0.6775,0.7829614604462475
23,mpc,4.264746837706692,5.806427404718278,0.16682990303619671,B0018,80,18.0,297.0,-1.4004055700929445,0.0,0.6266094157973017,0.6247464503042597
23,naive,4.264746837706692,5.806427404718278,0.16682990303619671,B0018,80,173.0,298.0,1.9006430201172693,0.0,0.8020740929972786,0.8144016227180527
23,rule_based,4.264746837706692,5.806427404718278,0.16682990303619671,B0018,80,126.0,320.0,5.044229201930456,0.0,0.6175,0.7200811359026369
24,mpc,2.645882025057378,31.36477860635386,0.3030909249073462,B0006,78,0.0,0.0,18.874304657306222,0.31050312611334674,1.0,1.0
24,naive,2.645882025057378,31.36477860635386,0.3030909249073462,B0006,78,0.0,0.0,18.779028426070294,0.423138825944663,1.0,1.0
24,rule_based,2.645882025057378,31.36477860635386,0.3030909249073462,B0006,78,0.0,0.0,18.774373384737462,0.42313284380237687,0.9875,1.0
25,mpc,3.5725187373130516,23.844478795144028,0.10145263110173591,B0018,70,0.0,0.0,18.5,0.04319261784893649,0.8875,0.8843813387423936
25,naive,3.5725187373130516,23.844478795144028,0.10145263110173591,B0018,70,27.0,37.0,13.065094665382048,0.0,0.9896621441700045,0.9716024340770791
25,rule_based,3.5725187373130516,23.844478795144028,0.10145263110173591,B0018,70,0.0,62.0,15.973590941929144,2.0781317421375848e-18,0.855,0.9716024340770791
26,mpc,3.487793161418302,16.876997196911272,0.14317368217716242,B0018,79,0.0,0.0,18.457060256541855,0.1665340636392001,0.94,0.9634888438133874
26,naive,3.487793161418302,16.876997196911272,0.14317368217716242,B0018,79,2.0,5.0,17.21464924786246,0.0,0.9975536599441223,0.9969574036511156
26,rule_based,3.487793161418302,16.876997196911272,0.14317368217716242,B0018,79,0.0,29.0,16.588192476077808,0.1445360252398398,0.91,0.9989858012170385
27,mpc,3.405364108526012,nan,0.0,B0006,45,0.0,0.0,18.5,0.15219844380914763,0.9825,0.9858012170385395
27,naive,3.405364108526012,nan,0.0,B0006,45,0.0,0.0,18.779028426070294,0.12086463849631535,1.0,1.0
27,rule_based,3.405364108526012,nan,0.0,B0006,45,0.0,11.0,17.032792895954692,0.254258628155297,0.925,1.0
28,mpc,2.9650411089574122,34.54051414801313,0.2107740395525705,B0006,75,0.0,0.0,18.874304657306222,0.29330438887918764,1.0,1.0
28,naive,2.9650411089574122,34.54051414801313,0.2107740395525705,B0006,75,0.0,0.0,18.779028426070294,0.41111550867908875,1.0,1.0
28,rule_based,2.9650411089574122,34.54051414801313,0.2107740395525705,B0006,75,0.0,0.0,18.77200340964016,0.4232062231082147,0.985,1.0
29,mpc,4.057340305835449,20.189656668096358,0.15932212108987817,B0018,92,3.0,69.0,11.623711091284187,0.0,0.84,0.834685598377282
29,naive,4.057340305835449,20.189656668096358,0.15932212108987817,B0018,92,60.0,84.0,10.08465954350729,0.0,0.9613678535813932,0.936105476673428
29,rule_based,4.057340305835449,20.189656668096358,0.15932212108987817,B0018,92,18.0,125.0,11.373158635386742,0.0,0.8125,0.9168356997971603
30,mpc,2.062967744721515,12.458804429649689,0.11035647716511549,B0005,11,0.0,0.0,18.874304657306222,0.5709831516089425,1.0,1.0
30,naive,2.062967744721515,12.458804429649689,0.11035647716511549,B0005,11,0.0,0.0,18.779028426070294,0.6238002083829817,1.0,1.0
30,rule_based,2.062967744721515,12.458804429649689,0.11035647716511549,B0005,11,0.0,0.0,18.779028426070294,0.6238002083829817,1.0,1.0
31,mpc,4.376225567930485,4.734339868467366,0.17340330889096556,B0006,95,14.0,250.0,-2.516124864998039,0.0,0.7,0.6876267748478702
31,naive,4.376225567930485,4.734339868467366,0.17340330889096556,B0006,95,145.0,250.0,0.7638880623132885,0.0,0.8221353216738249,0.845841784989858
31,rule_based,4.376225567930485,4.734339868467366,0.17340330889096556,B0006,95,113.0,264.0,3.7127773047687533,0.0,0.69,0.7636916835699797
32,mpc,2.586726080288089,4.093370972059766,0.1620721793777167,B0018,84,0.0,0.0,18.874304657306222,0.39601828827570085,1.0,1.0
32,naive,2.586726080288089,4.093370972059766,0.1620721793777167,B0018,84,0.0,0.0,18.779028426070294,0.4787885781257472,1.0,1.0
32,rule_based,2.586726080288089,4.093370972059766,0.1620721793777167,B0018,84,0.0,0.0,18.777238297824315,0.4873523471110084,0.9925,1.0
33,mpc,4.18249376304938,nan,0.0,B0005,70,14.0,224.0,1.9458398483116792,0.0,0.6775,0.6977687626774848
33,naive,4.18249376304938,nan,0.0,B0005,70,139.0,229.0,3.9029444623138723,0.0,0.8587871823593968,0.8569979716024341
33,rule_based,4.18249376304938,nan,0.0,B0005,70,86.0,261.0,6.936412138554519,0.0,0.6675,0.7768762677484787
34,mpc,2.4027619380607668,5.807868838570421,0.13914183988736303,B0018,61,0.0,0.0,18.874304657306222,0.43899716869638,1.0,1.0
34,naive,2.4027619380607668,5.807868838570421,0.13914183988736303,B0018,61,0.0,0.0,18.779028426070294,0.5291448641578562,1.0,1.0
34,rule_based,2.4027619380607668,5.807868838570421,0.13914183988736303,B0018,61,0.0,0.0,18.779028426070294,0.5291448641578562,1.0,1.0
35,mpc,2.9503344200900745,30.935349850750193,0.22214297077837475,B0018,83,0.0,0.0,18.459709095442495,0.1431918037362073,0.935,0.9908722109533469
35,naive,2.9503344200900745,30.935349850750193,0.22214297077837475,B0018,83,0.0,0.0,18.779028426070294,0.01302059863086285,1.0,1.0
35,rule_based,2.9503344200900745,30.935349850750193,0.22214297077837475,B0018,83,0.0,7.0,17.458065114769234,0.2591646727544705,0.895,1.0
36,mpc,4.002305007774308,6.570981212937557,0.2995179620369496,B0006,76,5.0,74.0,11.427962030775488,0.0,0.8525,0.8539553752535497
36,naive,4.002305007774308,6.570981212937557,0.2995179620369496,B0006,76,57.0,77.0,10.252669909978962,0.0,0.9648357155785267,0.9401622718052738
36,rule_based,4.002305007774308,6.570981212937557,0.2995179620369496,B0006,76,19.0,104.0,11.202635864233857,0.0,0.805,0.9249492900608519
37,mpc,2.7726472150302905,31.778376142270076,0.31201861157191324,B0006,42,0.0,0.0,18.874304657306222,0.3544085257851883,1.0,1.0
37,naive,2.7726472150302905,31.778376142270076,0.31201861157191324,B0006,42,0.0,0.0,18.779028426070294,0.4592168602178039,1.0,1.0
37,rule_based,2.7726472150302905,31.778376142270076,0.31201861157191324,B0006,42,0.0,0.0,18.77902842607003,0.45921686021780256,0.995,1.0
38,mpc,2.2463028221310375,26.99743217374253,0.3350572993951389,B0018,97,0.0,0.0,18.874304657306222,0.2643740711955215,1.0,1.0
38,naive,2.2463028221310375,26.99743217374253,0.3350572993951389,B0018,97,0.0,0.0,18.779028426070294,0.3837573459665922,1.0,1.0
38,rule_based,2.2463028221310375,26.99743217374253,0.3350572993951389,B0018,97,0.0,0.0,18.773849044769467,0.3837510027382192,0.9725,1.0
39,mpc,3.201552735932151,nan,0.0,B0018,76,0.0,0.0,18.5,0.1440888357559963,0.835,0.9259634888438134
39,naive,3.201552735932151,nan,0.0,B0018,76,29.0,46.0,14.226335403926127,0.0,0.9857430748986025,0.9655172413793104
39,rule_based,3.201552735932151,nan,0.0,B0018,76,0.0,67.0,16.275632461876942,0.09589242440132753,0.8075,0.9837728194726166
40,mpc,3.9544390531366123,nan,0.0,B0018,93,10.0,177.0,6.183168681764495,0.0,0.7225,0.72920892494929
40,naive,3.9544390531366123,nan,0.0,B0018,93,115.0,190.0,6.59591978990279,0.0,0.8949852563242114,0.8752535496957403
40,rule_based,3.9544390531366123,nan,0.0,B0018,93,59.0,223.0,9.033856707394383,0.0,0.71,0.8184584178498986
41,mpc,3.0040597182951325,30.719475225768136,0.2760255555697666,B0005,100,0.0,0.0,18.5,0.14388702287211305,0.9575,0.9908722109533469
41,naive,3.0040597182951325,30.719475225768136,0.2760255555697666,B0005,100,0.0,0.0,18.779028426070294,0.03451967449259372,1.0,1.0
41,rule_based,3.0040597182951325,30.719475225768136,0.2760255555697666,B0005,100,0.0,10.0,17.20859627431298,0.24180430211509799,0.9025,1.0
42,mpc,2.9305216471006785,20.112715029710497,0.2506230421416561,B0018,36,0.0,0.0,18.874304657306222,0.1485731814267418,1.0,1.0
42,naive,2.9305216471006785,20.112715029710497,0.2506230421416561,B0018,36,0.0,0.0,18.779028426070294,0.2806712966475156,1.0,1.0
42,rule_based,2.9305216471006785,20.112715029710497,0.2506230421416561,B0018,36,0.0,0.0,18.769107368822098,0.3575887974662928,0.96,1.0
43,mpc,2.2551603749669535,12.706117557389295,0.308641287864862,B0006,47,0.0,0.0,18.874304657306222,0.35277699252899575,1.0,1.0
43,naive,2.2551603749669535,12.706117557389295,0.308641287864862,B0006,47,0.0,0.0,18.779028426070294,0.4592393328032429,1.0,1.0
43,rule_based,2.2551603749669535,12.706117557389295,0.308641287864862,B0006,47,0.0,0.0,18.771598474877575,0.4592393328032415,0.98,1.0
44,mpc,4.146169007638577,23.997284065642834,0.26260599200072204,B0006,75,14.0,267.0,1.5497909324850339,0.0,0.6375,0.6480730223123732
44,naive,4.146169007638577,23.997284065642834,0.26260599200072204,B0006,75,162.0,280.0,3.762648383248095,0.0,0.8232988323010838,0.8265720081135902
44,rule_based,4.146169007638577,23.997284065642834,0.26260599200072204,B0006,75,105.0,306.0,7.147029986870044,0.0,0.61,0.7322515212981744
45,mpc,2.7559563139427317,14.194768257327762,0.1271110339738852,B0018,19,0.0,0.0,18.874304657306222,0.4015743391642978,1.0,1.0
45,naive,2.7559563139427317,14.194768257327762,0.1271110339738852,B0018,19,0.0,0.0,18.779028426070294,0.5367924253594591,1.0,1.0
45,rule_based,2.7559563139427317,14.194768257327762,0.1271110339738852,B0018,19,0.0,0.0,18.779028426070294,0.5367924253594591,1.0,1.0
46,mpc,4.033232681268782,6.460714521069988,0.31754895497178387,B0018,75,12.0,190.0,4.699617417194065,0.0,0.7475,0.7515212981744422
46,naive,4.033232681268782,6.460714521069988,0.31754895497178387,B0018,75,116.0,189.0,6.020015315771858,0.0,0.8917027163568327,0.8782961460446247
46,rule_based,4.033232681268782,6.460714521069988,0.31754895497178387,B0018,75,70.0,204.0,8.31309517307376,0.0,0.6925,0.8296146044624746
47,mpc,3.062593373832177,4.517897402124483,0.2737292349409448,B0018,98,0.0,0.0,18.490070039419667,0.14595105994897975,0.8775,0.9766734279918864
47,naive,3.062593373832177,4.517897402124483,0.2737292349409448,B0018,98,15.0,26.0,15.40966902945775,0.0,0.9909017462239704,0.9817444219066938
47,rule_based,3.062593373832177,4.517897402124483,0.2737292349409448,B0018,98,0.0,45.0,16.433762893398548,0.10840033237231105,0.835,0.9898580121703854
48,mpc,2.29615496863218,3.81282351054033,0.10567688563819791,B0018,48,0.0,0.0,18.874304657306222,0.48094996743881896,1.0,1.0
48,naive,2.29615496863218,3.81282351054033,0.10567688563819791,B0018,48,0.0,0.0,18.779028426070294,0.5638276655431533,1.0,1.0
48,rule_based,2.29615496863218,3.81282351054033,0.10567688563819791,B0018,48,0.0,0.0,18.779028426070294,0.5638276655431533,1.0,1.0
49,mpc,3.367532710899716,17.655563722024283,0.33012426000668715,B0005,85,0.0,0.0,18.449031633963695,0.13306365683942883,0.8125,0.8356997971602435
49,naive,3.367532710899716,17.655563722024283,0.33012426000668715,B0005,85,55.0,73.0,12.550225297786358,0.0,0.9761711259037955,0.9401622718052738
49,rule_based,3.367532710899716,17.655563722024283,0.33012426000668715,B0005,85,3.0,97.0,15.112140487136344,0.0,0.7475,0.9452332657200812
50,mpc,2.7447692786731244,31.978552431225992,0.1862853540669767,B0018,36,0.0,0.0,18.874304657306222,0.46035213283869464,1.0,1.0
50,naive,2.7447692786731244,31.978552431225992,0.1862853540669767,B0018,36,0.0,0.0,18.779028426070294,0.5488595014545664,1.0,1.0
50,rule_based,2.7447692786731244,31.978552431225992,0.1862853540669767,B0018,36,0.0,0.0,18.779028426070294,0.5488595014545664,1.0,1.0
51,mpc,2.49696151983399,21.972675838881027,0.31908917975659773,B0006,96,0.0,0.0,18.874304657306222,0.27253705572774634,1.0,1.0
51,naive,2.49696151983399,21.972675838881027,0.31908917975659773,B0006,96,0.0,0.0,18.779028426070294,0.3903400967795463,1.0,1.0
51,rule_based,2.49696151983399,21.972675838881027,0.31908917975659773,B0006,96,0.0,0.0,18.77201582947163,0.38862704538008896,0.9575,1.0
52,mpc,3.2042648771668967,19.334043232801303,0.10031999412562739,B0005,28,0.0,0.0,18.4854353340644,0.14396253819344101,0.835,0.9330628803245437
52,naive,3.2042648771668967,19.334043232801303,0.10031999412562739,B0005,28,26.0,38.0,14.048353718884188,0.0,0.9856339117038604,0.9705882352941176
52,rule_based,3.2042648771668967,19.334043232801303,0.10031999412562739,B0005,28,0.0,61.0,16.355335326503614,0.12500492371255328,0.79,0.9959432048681541
53,mpc,2.765444318854455,22.71264008107387,0.2762774565031001,B0018,102,0.0,0.0,18.874304657306222,0.3185614185288383,1.0,1.0
53,naive,2.765444318854455,22.71264008107387,0.2762774565031001,B0018,102,0.0,0.0,18.779028426070294,0.42813729732455524,1.0,1.0
53,rule_based,2.765444318854455,22.71264008107387,0.2762774565031001,B0018,102,0.0,0.0,18.77201582947163,0.4265417155374012,0.96,1.0
54,mpc,4.013603030705275,30.069137829422075,0.3407633332218552,B0006,42,9.0,168.0,6.462804805162373,0.0,0.72,0.7221095334685599
54,naive,4.013603030705275,30.069137829422075,0.3407633332218552,B0006,42,116.0,193.0,6.805143720004224,0.0,0.8907931595159478,0.8772819472616633
54,rule_based,4.013603030705275,30.069137829422075,0.3407633332218552,B0006,42,58.0,231.0,9.185746874489894,0.0,0.6925,0.8113590263691683
55,mpc,2.2253294011233415,11.24496628923275,0.21442595277953858,B0018,52,0.0,0.0,18.874304657306222,0.41473728167680046,1.0,1.0
55,naive,2.2253294011233415,11.24496628923275,0.21442595277953858,B0018,52,0.0,0.0,18.779028426070294,0.5137433146137135,1.0,1.0
55,rule_based,2.2253294011233415,11.24496628923275,0.21442595277953858,B0018,52,0.0,0.0,18.779028426070294,0.5137433146137135,1.0,1.0
56,mpc,2.306543514109066,12.063441754614097,0.18058972192401085,B0006,68,0.0,0.0,18.874304657306222,0.40725010513409804,1.0,1.0
56,naive,2.306543514109066,12.063441754614097,0.18058972192401085,B0006,68,0.0,0.0,18.779028426070294,0.49893274749870997,1.0,1.0
56,rule_based,2.306543514109066,12.063441754614097,0.18058972192401085,B0006,68,0.0,0.0,18.779028426070294,0.49893274749870997,1.0,1.0
57,mpc,3.2237532246529197,31.89910392930704,0.23534600428055982,B0005,11,0.0,0.0,18.5,0.16921261514144295,0.9975,1.0
57,naive,3.2237532246529197,31.89910392930704,0.23534600428055982,B0005,11,0.0,0.0,18.779028426070294,0.2213907968119664,1.0,1.0
57,rule_based,3.2237532246529197,31.89910392930704,0.23534600428055982,B0005,11,0.0,0.0,18.251435093725988,0.29396805049666525,0.945,1.0
58,mpc,2.395519698744139,nan,0.0,B0005,44,0.0,0.0,18.874304657306222,0.5794286748890729,1.0,1.0
58,naive,2.395519698744139,nan,0.0,B0005,44,0.0,0.0,18.779028426070294,0.6183260888161477,1.0,1.0
58,rule_based,2.395519698744139,nan,0.0,B0005,44,0.0,0.0,18.779028426070294,0.6183260888161477,1.0,1.0
59,mpc,2.8150528654032345,nan,0.0,B0005,83,0.0,0.0,18.874304657306222,0.3724815899391507,1.0,1.0
59,naive,2.8150528654032345,nan,0.0,B0005,83,0.0,0.0,18.779028426070294,0.506273416546167,1.0,1.0
59,rule_based,2.8150528654032345,nan,0.0,B0005,83,0.0,0.0,18.779028426070294,0.506273416546167,1.0,1.0
60,mpc,2.217064072216575,13.15723119110709,0.34807067245974205,B0018,64,0.0,0.0,18.874304657306222,0.2671488717908822,1.0,1.0
60,naive,2.217064072216575,13.15723119110709,0.34807067245974205,B0018,64,0.0,0.0,18.779028426070294,0.3873879292733448,1.0,1.0
60,rule_based,2.217064072216575,13.15723119110709,0.34807067245974205,B0018,64,0.0,0.0,18.77080741407113,0.3834284002483042,0.905,1.0
61,mpc,3.3740543736622772,15.95287363778295,0.15235325626764962,B0006,18,0.0,0.0,18.5,0.1454165457475798,0.97,0.9827586206896551
61,naive,3.3740543736622772,15.95287363778295,0.15235325626764962,B0006,18,0.0,0.0,18.779028426070294,0.09179708037134947,1.0,1.0
61,rule_based,3.3740543736622772,15.95287363778295,0.15235325626764962,B0006,18,0.0,7.0,17.031305798413364,0.25213003320202426,0.9325,1.0
62,mpc,2.435790572477013,34.785776182386684,0.12468754885091218,B0006,86,0.0,0.0,18.874304657306222,0.4483560907415449,1.0,1.0
62,naive,2.435790572477013,34.785776182386684,0.12468754885091218,B0006,86,0.0,0.0,18.779028426070294,0.538841963380669,1.0,1.0
62,rule_based,2.435790572477013,34.785776182386684,0.12468754885091218,B0006,86,0.0,0.0,18.779028426070294,0.538841963380669,1.0,1.0
63,mpc,4.008382886616573,30.646854795004266,0.11923674227698117,B0006,94,13.0,253.0,3.320707811341823,0.0,0.6625,0.6572008113590264
63,naive,4.008382886616573,30.646854795004266,0.11923674227698117,B0006,94,152.0,261.0,5.322416856300756,0.0,0.8424563195702812,0.8377281947261663
63,rule_based,4.008382886616573,30.646854795004266,0.11923674227698117,B0006,94,91.0,290.0,8.51099953831493,0.0,0.645,0.7505070993914807
64,mpc,3.078542021225182,11.633745765525948,0.19267030845715533,B0018,48,0.0,0.0,18.874304657306222,0.36199534778703574,1.0,1.0
64,naive,3.078542021225182,11.633745765525948,0.19267030845715533,B0018,48,0.0,0.0,18.779028426070294,0.45778027806217314,1.0,1.0
64,rule_based,3.078542021225182,11.633745765525948,0.19267030845715533,B0018,48,0.0,0.0,18.779028426070294,0.45778027806217314,0.995,1.0
65,mpc,2.5084937138059837,17.169781529823297,0.30057366468134955,B0005,34,0.0,0.0,18.874304657306222,0.4170217342830995,1.0,1.0
65,naive,2.5084937138059837,17.169781529823297,0.30057366468134955,B0005,34,0.0,0.0,18.779028426070294,0.512276475567557,1.0,1.0
65,rule_based,2.5084937138059837,17.169781529823297,0.30057366468134955,B0005,34,0.0,0.0,18.779028426070294,0.512276475567557,1.0,1.0
66,mpc,3.6571937139088804,18.190021924101885,0.29443656719477734,B0005,55,0.0,1.0,17.939187875596236,0.0,0.8275,0.8498985801217038
66,naive,3.6571937139088804,18.190021924101885,0.29443656719477734,B0005,55,48.0,64.0,11.97671854384877,0.0,0.9786278770609446,0.9482758620689655
66,rule_based,3.6571937139088804,18.190021924101885,0.29443656719477734,B0005,55,2.0,110.0,14.515505823859847,0.0,0.7925,0.9442190669371197
67,mpc,4.381906843941389,24.670383085340692,0.2617306369719237,B0005,90,11.0,216.0,0.503007725200423,0.0,0.7141736508897923,0.7251521298174443
67,naive,4.381906843941389,24.670383085340692,0.2617306369719237,B0005,90,128.0,217.0,2.9541788924567562,0.0,0.8587448289673238,0.8630831643002028
67,rule_based,4.381906843941389,24.670383085340692,0.2617306369719237,B0005,90,87.0,239.0,5.616754914974894,0.0,0.6875,0.7941176470588235
68,mpc,3.919064975695957,28.20020426387413,0.29601703229984944,B0018,103,7.0,128.0,8.410315023566435,0.0,0.775,0.7718052738336714
68,naive,3.919064975695957,28.20020426387413,0.29601703229984944,B0018,103,89.0,142.0,8.16529305685263,0.0,0.92434540278257,0.9056795131845842
68,rule_based,3.919064975695957,28.20020426387413,0.29601703229984944,B0018,103,40.0,177.0,10.068043762421468,0.0,0.74,0.8620689655172413
69,mpc,4.305759858241826,27.289763363854092,0.1007745186442559,B0006,44,7.0,141.0,7.3228144681811385,0.0,0.765,0.7778904665314401
69,naive,4.305759858241826,27.289763363854092,0.1007745186442559,B0006,44,95.0,149.0,7.485445705332023,0.0,0.9208285313406024,0.8985801217038539
69,rule_based,4.305759858241826,27.289763363854092,0.1007745186442559,B0006,44,43.0,188.0,9.373765152444332,0.0,0.74,0.8529411764705882
70,mpc,4.441718940804959,7.242259490202219,0.3036941717846427,B0018,102,15.0,266.0,-1.997313103522019,0.0,0.675,0.6825557809330629
70,naive,4.441718940804959,7.242259490202219,0.3036941717846427,B0018,102,155.0,267.0,1.344637436991476,0.0,0.8225009187485984,0.8336713995943205
70,rule_based,4.441718940804959,7.242259490202219,0.3036941717846427,B0018,102,119.0,276.0,4.218008586789591,0.0,0.63,0.7525354969574036
71,mpc,4.183630191814013,nan,0.0,B0006,21,14.0,238.0,0.795997901677135,0.0,0.675,0.6612576064908722
71,naive,4.183630191814013,nan,0.0,B0006,21,145.0,248.0,2.9778803165813903,0.0,0.8348523665300093,0.8438133874239351
71,rule_based,4.183630191814013,nan,0.0,B0006,21,97.0,287.0,6.2502648228603706,0.0,0.6475,0.7565922920892495
72,mpc,3.709399717855068,9.338525574587155,0.2391991621663402,B0006,89,8.0,96.0,11.506085319763995,0.0,0.765,0.7748478701825557
72,naive,3.709399717855068,9.338525574587155,0.2391991621663402,B0006,89,95.0,128.0,9.858582797319459,0.0,0.9478891206868739,0.8995943204868154
72,rule_based,3.709399717855068,9.338525574587155,0.2391991621663402,B0006,89,33.0,163.0,11.163954215936123,0.0,0.7325,0.8813387423935092
73,mpc,4.314093615828983,26.65597243344655,0.17459315466791736,B0005,43,11.0,207.0,1.6289007563197053,0.0,0.715,0.7109533468559838
73,naive,4.314093615828983,26.65597243344655,0.17459315466791736,B0005,43,125.0,212.0,3.7335710870818732,0.0,0.8633666436902555,0.8661257606490872
73,rule_based,4.314093615828983,26.65597243344655,0.17459315466791736,B0005,43,81.0,243.0,6.3591113533328825,0.0,0.69,0.795131845841785
74,mpc,2.8894933086643326,12.269315499932404,0.16337720826041768,B0006,65,0.0,0.0,18.49999999999997,0.135809344333039,0.945,0.9918864097363083
74,naive,2.8894933086643326,12.269315499932404,0.16337720826041768,B0006,65,0.0,0.0,18.779028426070294,0.0,0.9995948982496918,1.0
74,rule_based,2.8894933086643326,12.269315499932404,0.16337720826041768,B0006,65,0.0,7.0,17.464119329852164,0.26661245137232675,0.9125,1.0
75,mpc,4.4333127211145245,26.02373964801247,0.27419581082917666,B0006,83,8.0,135.0,5.025158945135723,0.0,0.8,0.8052738336713996
75,naive,4.4333127211145245,26.02373964801247,0.27419581082917666,B0006,83,84.0,139.0,6.15800348097081,0.0,0.9174140828130133,0.9117647058823529
75,rule_based,4.4333127211145245,26.02373964801247,0.27419581082917666,B0006,83,47.0,161.0,8.361186521399267,0.0,0.765,0.8701825557809331
76,mpc,2.5462699086230067,15.471221941073608,0.22795736127221525,B0018,40,0.0,0.0,18.874304657306222,0.41131184275600896,1.0,1.0
76,naive,2.5462699086230067,15.471221941073608,0.22795736127221525,B0018,40,0.0,0.0,18.779028426070294,0.5065137365119782,1.0,1.0
76,rule_based,2.5462699086230067,15.471221941073608,0.22795736127221525,B0018,40,0.0,0.0,18.779028426070294,0.5065137365119782,1.0,1.0
77,mpc,2.1383082753868057,32.22113756934396,0.21951015565393084,B0018,98,0.0,0.0,18.874304657306222,0.37168807391968495,1.0,1.0
77,naive,2.1383082753868057,32.22113756934396,0.21951015565393084,B0018,98,0.0,0.0,18.779028426070294,0.47339732447353255,1.0,1.0
77,rule_based,2.1383082753868057,32.22113756934396,0.21951015565393084,B0018,98,0.0,0.0,18.779024250630865,0.47339730836574007,0.995,1.0
78,mpc,2.3926615765496524,17.065296018993543,0.10826149123302378,B0006,89,0.0,0.0,18.874304657306222,0.4481355902175147,1.0,1.0
78,naive,2.3926615765496524,17.065296018993543,0.10826149123302378,B0006,89,0.0,0.0,18.779028426070294,0.538291554187293,1.0,1.0
78,rule_based,2.3926615765496524,17.065296018993543,0.10826149123302378,B0006,89,0.0,0.0,18.779028426070294,0.538291554187293,1.0,1.0
79,mpc,4.331449160945709,17.700745070178233,0.23826296846798473,B0018,98,10.0,186.0,3.320957958952097,0.0,0.74,0.7474645030425964
79,naive,4.331449160945709,17.700745070178233,0.23826296846798473,B0018,98,116.0,192.0,4.912791939700402,0.0,0.8839844821264023,0.8782961460446247
79,rule_based,4.331449160945709,17.700745070178233,0.23826296846798473,B0018,98,72.0,204.0,7.190934909735056,0.0,0.7175,0.8255578093306288
80,mpc,4.137871603955882,34.15212425424152,0.18424451884672755,B0018,29,10.0,184.0,5.7953765972310265,0.0,0.7,0.6957403651115619
80,naive,4.137871603955882,34.15212425424152,0.18424451884672755,B0018,29,125.0,203.0,6.113926217153464,0.0,0.8871569429473094,0.8681541582150102
80,rule_based,4.137871603955882,34.15212425424152,0.18424451884672755,B0018,29,63.0,249.0,8.32453107415097,0.0,0.665,0.8042596348884381
81,mpc,4.32524917053121,24.630170716412103,0.13976722168325942,B0006,105,9.0,175.0,5.00772008963782,0.0,0.7425,0.7525354969574036
81,naive,4.32524917053121,24.630170716412103,0.13976722168325942,B0006,105,107.0,177.0,6.265504210707577,0.0,0.8947764578567816,0.8823529411764706
81,rule_based,4.32524917053121,24.630170716412103,0.13976722168325942,B0006,105,57.0,207.0,8.219351315226954,0.0,0.7175,0.8316430020283976
82,mpc,2.8665779139920198,5.053298146129471,0.3006785442902299,B0006,92,0.0,0.0,18.457962221641054,0.1394030465376056,0.9525,0.9898580121703854
82,naive,2.8665779139920198,5.053298146129471,0.3006785442902299,B0006,92,0.0,0.0,18.010220646982738,0.0,0.9988453282888946,0.9989858012170385
82,rule_based,2.8665779139920198,5.053298146129471,0.3006785442902299,B0006,92,0.0,2.0,17.80436400762097,0.2566831381646608,0.855,1.0
83,mpc,4.036173184291224,28.010698636950416,0.2603039062676301,B0018,13,1.0,8.0,16.755536920669527,0.0,0.87,0.859026369168357
83,naive,4.036173184291224,28.010698636950416,0.2603039062676301,B0018,13,38.0,52.0,12.321483849339845,0.0,0.9826326767748723,0.9574036511156186
83,rule_based,4.036173184291224,28.010698636950416,0.2603039062676301,B0018,13,1.0,98.0,14.537458294842839,0.0,0.8175,0.9523326572008114
84,mpc,2.1311033189694544,4.189515495867315,0.13783034920592313,B0018,52,0.0,0.0,18.874304657306222,0.4655346369062289,1.0,1.0
84,naive,2.1311033189694544,4.189515495867315,0.13783034920592313,B0018,52,0.0,0.0,18.779028426070294,0.5557449219955489,1.0,1.0
84,rule_based,2.1311033189694544,4.189515495867315,0.13783034920592313,B0018,52,0.0,0.0,18.779028426070294,0.5557449219955489,1.0,1.0
85,mpc,3.143381818250644,16.418239971874495,0.30324877015658147,B0005,63,0.0,0.0,18.475524416836453,0.14141001773630135,0.9275,0.973630831643002
85,naive,3.143381818250644,16.418239971874495,0.30324877015658147,B0005,63,12.0,21.0,15.601070480627309,0.0,0.9912478387938282,0.9858012170385395
85,rule_based,3.143381818250644,16.418239971874495,0.30324877015658147,B0005,63,0.0,40.0,16.428444449526793,0.1063375390910644,0.8825,0.9929006085192698
86,mpc,2.37390900966295,nan,0.0,B0018,12,0.0,0.0,18.874304657306222,0.5732576503044686,1.0,1.0
86,naive,2.37390900966295,nan,0.0,B0018,12,0.0,0.0,18.779028426070294,0.6220871690430502,1.0,1.0
86,rule_based,2.37390900966295,nan,0.0,B0018,12,0.0,0.0,18.779028426070294,0.6220871690430502,1.0,1.0
87,mpc,2.17299906828171,nan,0.0,B0006,51,0.0,0.0,18.874304657306222,0.5358559721003431,1.0,1.0
87,naive,2.17299906828171,nan,0.0,B0006,51,0.0,0.0,18.779028426070294,0.6104524639310578,1.0,1.0
87,rule_based,2.17299906828171,nan,0.0,B0006,51,0.0,0.0,18.779028426070294,0.6104524639310578,1.0,1.0
88,mpc,2.0973462094118034,11.020570951825274,0.3300235714931391,B0006,39,0.0,0.0,18.874304657306222,0.3465159222258029,1.0,1.0
88,naive,2.0973462094118034,11.020570951825274,0.3300235714931391,B0006,39,0.0,0.0,18.779028426070294,0.45301276524263284,1.0,1.0
88,rule_based,2.0973462094118034,11.020570951825274,0.3300235714931391,B0006,39,0.0,0.0,18.77849248807281,0.4530127483766237,0.9775,1.0
89,mpc,3.9862856220457665,21.06490979733246,0.19805127498356406,B0005,94,5.0,78.0,11.55816492681762,0.0,0.8075,0.8073022312373225
89,naive,3.9862856220457665,21.06490979733246,0.19805127498356406,B0005,94,73.0,102.0,10.000392081624218,0.0,0.9509030572049137,0.9219066937119675
89,rule_based,3.9862856220457665,21.06490979733246,0.19805127498356406,B0005,94,22.0,146.0,11.378393320652247,0.0,0.77,0.9006085192697769
90,mpc,2.4283090497367277,nan,0.0,B0006,76,0.0,0.0,18.874304657306222,0.5127596472526091,1.0,1.0
90,naive,2.4283090497367277,nan,0.0,B0006,76,0.0,0.0,18.779028426070294,0.5810208727374071,1.0,1.0
90,rule_based,2.4283090497367277,nan,0.0,B0006,76,0.0,0.0,18.779028426070294,0.5810208727374071,1.0,1.0
91,mpc,2.385747695340576,nan,0.0,B0018,81,0.0,0.0,18.874304657306222,0.505317599324693,1.0,1.0
91,naive,2.385747695340576,nan,0.0,B0018,81,0.0,0.0,18.779028426070294,0.5786739913864006,1.0,1.0
91,rule_based,2.385747695340576,nan,0.0,B0018,81,0.0,0.0,18.779028426070294,0.5786739913864006,1.0,1.0
92,mpc,2.965165031207083,34.40432951568266,0.310734429333701,B0005,48,0.0,0.0,18.498990028710708,0.1412013721302445,0.9375,0.9898580121703854
92,naive,2.965165031207083,34.40432951568266,0.310734429333701,B0005,48,0.0,0.0,18.779028426070294,0.04671495734972552,1.0,1.0
92,rule_based,2.965165031207083,34.40432951568266,0.310734429333701,B0005,48,0.0,6.0,17.460857388682108,0.2678353078755328,0.895,1.0
93,mpc,3.349600874880805,nan,0.0,B0005,58,0.0,0.0,18.5,0.11122105047790705,0.8475,0.8651115618661258
93,naive,3.349600874880805,nan,0.0,B0005,58,35.0,52.0,12.965918965051143,0.0,0.9827069423555254,0.9594320486815415
93,rule_based,3.349600874880805,nan,0.0,B0005,58,0.0,78.0,16.07991012011421,0.027458299550113457,0.8,0.9685598377281948
94,mpc,2.5445807613093945,28.360524481610057,0.13009759144252195,B0018,31,0.0,0.0,18.874304657306222,0.5023391853734444,1.0,1.0
94,naive,2.5445807613093945,28.360524481610057,0.13009759144252195,B0018,31,0.0,0.0,18.779028426070294,0.5824892153918342,1.0,1.0
94,rule_based,2.5445807613093945,28.360524481610057,0.13009759144252195,B0018,31,0.0,0.0,18.779028426070294,0.5824892153918342,1.0,1.0
95,mpc,2.7475868126122345,23.615758376194524,0.31683351173977,B0005,67,0.0,0.0,18.874304657306222,0.3515404205278026,1.0,1.0
95,naive,2.7475868126122345,23.615758376194524,0.31683351173977,B0005,67,0.0,0.0,18.779028426070294,0.4584610769128665,1.0,1.0
95,rule_based,2.7475868126122345,23.615758376194524,0.31683351173977,B0005,67,0.0,0.0,18.778682750057555,0.458461060705623,0.985,1.0
96,mpc,4.235765025676628,13.89614132273999,0.16495395502958388,B0005,91,17.0,308.0,-2.084826810830926,0.0,0.6175,0.6288032454361054
96,naive,4.235765025676628,13.89614132273999,0.16495395502958388,B0005,91,179.0,311.0,1.2442684273359084,0.0,0.7909380397008163,0.8062880324543611
96,rule_based,4.235765025676628,13.89614132273999,0.16495395502958388,B0005,91,136.0,322.0,4.652551555355848,0.0,0.6175,0.7089249492900609
97,mpc,3.2962915816169858,17.101583201882438,0.2612806519391524,B0005,70,0.0,0.0,18.5,0.14807691230118866,0.9725,0.9878296146044625
97,naive,3.2962915816169858,17.101583201882438,0.2612806519391524,B0005,70,0.0,0.0,18.779028426070294,0.08396488029578612,1.0,1.0
97,rule_based,3.2962915816169858,17.101583201882438,0.2612806519391524,B0005,70,0.0,12.0,17.034559482081125,0.24484683291378143,0.93,1.0
98,mpc,2.9365297787948683,nan,0.0,B0005,93,0.0,0.0,18.454951133257,0.1438893315636198,0.99,0.9959432048681541
98,naive,2.9365297787948683,nan,0.0,B0005,93,0.0,0.0,18.779028426070294,0.17461379142075995,1.0,1.0
98,rule_based,2.9365297787948683,nan,0.0,B0005,93,0.0,0.0,18.26119606488608,0.2861991056499344,0.94,1.0
99,mpc,3.3680876219939644,31.866007167055262,0.2825351479234745,B0018,12,0.0,0.0,18.45904780568101,0.12162534123649078,0.85,0.8681541582150102
99,naive,3.3680876219939644,31.866007167055262,0.2825351479234745,B0018,12,35.0,49.0,13.284369976735258,0.0,0.9841403932553816,0.9614604462474645
99,rule_based,3.3680876219939644,31.866007167055262,0.2825351479234745,B0018,12,0.0,79.0,16.103482083732462,0.05342927292711983,0.785,0.9746450304259635
100,mpc,2.5578738462287527,12.423243665989741,0.16638388289641656,B0006,23,0.0,0.0,18.874304657306222,0.5136598685633859,1.0,1.0
100,naive,2.5578738462287527,12.423243665989741,0.16638388289641656,B0006,23,0.0,0.0,18.779028426070294,0.5937110275560499,1.0,1.0
100,rule_based,2.5578738462287527,12.423243665989741,0.16638388289641656,B0006,23,0.0,0.0,18.779028426070294,0.5937110275560499,1.0,1.0
101,mpc,2.177411926895774,25.46375290667237,0.3145757049394192,B0018,99,0.0,0.0,18.874304657306222,0.2758268881026112,1.0,1.0
101,naive,2.177411926895774,25.46375290667237,0.3145757049394192,B0018,99,0.0,0.0,18.779028426070294,0.3941318196205285,1.0,1.0
101,rule_based,2.177411926895774,25.46375290667237,0.3145757049394192,B0018,99,0.0,0.0,18.7724653537618,0.3941318196205285,0.965,1.0
102,mpc,2.1314870703940922,21.584186638724375,0.12643377011352522,B0018,20,0.0,0.0,18.874304657306222,0.5186880461572597,1.0,1.0
102,naive,2.1314870703940922,21.584186638724375,0.12643377011352522,B0018,20,0.0,0.0,18.779028426070294,0.5933769331532056,1.0,1.0
102,rule_based,2.1314870703940922,21.584186638724375,0.12643377011352522,B0018,20,0.0,0.0,18.779028426070294,0.5933769331532056,1.0,1.0
103,mpc,3.8607654516409133,5.16547430417614,0.30500369756066253,B0018,90,6.0,96.0,11.48125521469493,0.0,0.795,0.8032454361054767
103,naive,3.8607654516409133,5.16547430417614,0.30500369756066253,B0018,90,83.0,113.0,10.053652790706254,0.0,0.9542419355401512,0.9117647058823529
103,rule_based,3.8607654516409133,5.16547430417614,0.30500369756066253,B0018,90,28.0,147.0,11.123475662230131,0.0,0.7225,0.8945233265720081
104,mpc,2.0313600309918516,6.400569057252515,0.33704772412409106,B0005,27,0.0,0.0,18.874304657306222,0.40300911852077465,1.0,1.0
104,naive,2.0313600309918516,6.400569057252515,0.33704772412409106,B0005,27,0.0,0.0,18.779028426070294,0.5008869522148808,1.0,1.0
104,rule_based,2.0313600309918516,6.400569057252515,0.33704772412409106,B0005,27,0.0,0.0,18.779028426070294,0.5008869522148808,1.0,1.0
105,mpc,3.322762759479194,19.287747948856328,0.1346701929130767,B0005,38,0.0,0.0,18.464239291552314,0.1447324542407758,0.915,0.9462474645030426
105,naive,3.322762759479194,19.287747948856328,0.1346701929130767,B0005,38,9.0,16.0,16.016915740387475,0.0,0.9933284443143131,0.9888438133874239
105,rule_based,3.322762759479194,19.287747948856328,0.1346701929130767,B0005,38,0.0,41.0,16.618760848857203,0.14221923977685774,0.8675,1.0
106,mpc,4.25975749020085,nan,0.0,B0005,87,10.0,173.0,4.619139415475482,0.0,0.7475,0.7515212981744422
106,naive,4.25975749020085,nan,0.0,B0005,87,107.0,177.0,5.668048793055952,0.0,0.8958425939353996,0.8853955375253549
106,rule_based,4.25975749020085,nan,0.0,B0005,87,60.0,206.0,7.9350258844973744,0.0,0.7275,0.8316430020283976
107,mpc,3.2690724004533784,29.711488293374984,0.3309984557922829,B0018,45,0.0,0.0,18.487458951293647,0.1390253172428249,0.8675,0.9219066937119675
107,naive,3.2690724004533784,29.711488293374984,0.3309984557922829,B0018,45,22.0,36.0,14.303413868665176,0.0,0.9866478769138959,0.9756592292089249
107,rule_based,3.2690724004533784,29.711488293374984,0.3309984557922829,B0018,45,0.0,59.0,16.274860135663015,0.1059637245514184,0.7925,0.9908722109533469
108,mpc,3.519183255733139,3.7673174665726954,0.28293989847368234,B0018,63,4.0,47.0,14.059358439742413,0.0,0.76,0.7768762677484787
108,naive,3.519183255733139,3.7673174665726954,0.28293989847368234,B0018,63,90.0,116.0,10.952813855443543,0.0,0.959611802477408,0.9036511156186613
108,rule_based,3.519183255733139,3.7673174665726954,0.28293989847368234,B0018,63,21.0,149.0,12.272502805945468,0.0,0.72,0.8884381338742393
109,mpc,2.551300566194547,30.18745896492997,0.29536998053926405,B0005,89,0.0,0.0,18.874304657306222,0.32761050007168885,1.0,1.0
109,naive,2.551300566194547,30.18745896492997,0.29536998053926405,B0005,89,0.0,0.0,18.779028426070294,0.4376202283982901,1.0,1.0
109,rule_based,2.551300566194547,30.18745896492997,0.29536998053926405,B0005,89,0.0,0.0,18.779024250630865,0.4376202104929571,0.9925,1.0
110,mpc,3.3954776000978706,nan,0.0,B0005,26,0.0,0.0,18.5,0.1509341579275981,0.9925,1.0
110,naive,3.3954776000978706,nan,0.0,B0005,26,0.0,0.0,18.779028426070294,0.21779136493818999,1.0,1.0
110,rule_based,3.3954776000978706,nan,0.0,B0005,26,0.0,1.0,17.80739540331204,0.2855671717834135,0.9425,1.0
111,mpc,3.641946592714097,20.83370749287974,0.11394422111305594,B0018,50,4.0,31.0,14.87042866808599,0.0,0.775,0.783975659229209
111,naive,3.641946592714097,20.83370749287974,0.11394422111305594,B0018,50,82.0,105.0,10.914510788595177,0.0,0.9635830264145582,0.9148073022312373
111,rule_based,3.641946592714097,20.83370749287974,0.11394422111305594,B0018,50,15.0,158.0,12.62678262997652,0.0,0.7425,0.9036511156186613
112,mpc,3.346273953924399,34.59776998575313,0.23138888662245366,B0006,19,0.0,0.0,18.4846180041988,0.14494791740923044,0.8825,0.9259634888438134
112,naive,3.346273953924399,34.59776998575313,0.23138888662245366,B0006,19,15.0,26.0,14.746149492288593,0.0,0.9906089070207839,0.9817444219066938
112,rule_based,3.346273953924399,34.59776998575313,0.23138888662245366,B0006,19,0.0,50.0,16.359362392710395,0.131421450074189,0.83,0.9959432048681541
113,mpc,2.1224446451008245,26.552160697107094,0.15444264481779033,B0005,89,0.0,0.0,18.874304657306222,0.4371982065599145,1.0,1.0
113,naive,2.1224446451008245,26.552160697107094,0.15444264481779033,B0005,89,0.0,0.0,18.779028426070294,0.5288728357693537,1.0,1.0
113,rule_based,2.1224446451008245,26.552160697107094,0.15444264481779033,B0005,89,0.0,0.0,18.779028426070294,0.5288728357693537,1.0,1.0
114,mpc,3.9864628620576856,9.41115450761205,0.1804878101228454,B0006,48,12.0,212.0,5.078573689767772,0.0,0.675,0.6926977687626775
114,naive,3.9864628620576856,9.41115450761205,0.1804878101228454,B0006,48,137.0,225.0,6.117137306879719,0.0,0.8777270875677905,0.8549695740365112
114,rule_based,3.9864628620576856,9.41115450761205,0.1804878101228454,B0006,48,75.0,258.0,8.698052387156801,0.0,0.6775,0.7880324543610547
115,mpc,3.6279920297724266,nan,0.0,B0005,101,0.0,0.0,18.5,0.10197706778272336,0.9125,0.9320486815415822
115,naive,3.6279920297724266,nan,0.0,B0005,101,14.0,22.0,15.434394109108606,0.0,0.9919782270602788,0.9847870182555781
115,rule_based,3.6279920297724266,nan,0.0,B0005,101,0.0,44.0,16.25024064444802,0.09586655351511057,0.8775,0.9878296146044625
116,mpc,3.476975815991051,nan,0.0,B0006,82,2.0,12.0,16.516919393162205,0.0,0.7225,0.7342799188640974
116,naive,3.476975815991051,nan,0.0,B0006,82,98.0,127.0,11.296775713259384,0.0,0.9641287728280605,0.8924949290060852
116,rule_based,3.476975815991051,nan,0.0,B0006,82,15.0,191.0,13.06747537906966,0.0,0.6875,0.8864097363083164
117,mpc,3.8319160374141354,4.624581590998254,0.13779643264282582,B0006,93,5.0,63.0,12.368645246518332,0.0,0.8075,0.8042596348884381
117,naive,3.8319160374141354,4.624581590998254,0.13779643264282582,B0006,93,74.0,99.0,10.185686194410733,0.0,0.9568299866289309,0.920892494929006
117,rule_based,3.8319160374141354,4.624581590998254,0.13779643264282582,B0006,93,21.0,146.0,11.52130216154884,0.0,0.7825,0.9026369168356998
118,mpc,4.150828834268383,24.387200736654275,0.11647021794900125,B0005,81,0.0,2.0,17.46837212293332,3.884053990184086e-18,0.8975,0.9066937119675457
118,naive,4.150828834268383,24.387200736654275,0.11647021794900125,B0005,81,22.0,31.0,13.398779904940463,0.0,0.9897035194159642,0.9766734279918864
118,rule_based,4.150828834268383,24.387200736654275,0.11647021794900125,B0005,81,0.0,59.0,15.779645378903432,0.0,0.875,0.9685598377281948
119,mpc,3.890087028758768,32.81030346867493,0.33822806911991704,B0005,63,1.0,16.0,16.115849824002314,0.0,0.8325,0.8407707910750507
119,naive,3.890087028758768,32.81030346867493,0.33822806911991704,B0005,63,54.0,68.0,11.82537326049056,0.0,0.9791497267019433,0.9432048681541582
119,rule_based,3.890087028758768,32.81030346867493,0.33822806911991704,B0005,63,6.0,122.0,13.843798146323646,0.0,0.7725,0.9350912778904665
120,mpc,3.4961405554847107,5.935085354676442,0.32340151144053425,B0005,18,3.0,22.0,15.642777634327588,0.0,0.785,0.7849898580121704
120,naive,3.4961405554847107,5.935085354676442,0.32340151144053425,B0005,18,76.0,97.0,11.358493138855197,0.0,0.9699878737328579,0.9188640973630832
120,rule_based,3.4961405554847107,5.935085354676442,0.32340151144053425,B0005,18,14.0,130.0,12.919833227945865,0.0,0.7675,0.907707910750507
121,mpc,3.6882921844594057,nan,0.0,B0018,34,2.0,24.0,14.84081783084826,0.0,0.805,0.8062880324543611
121,naive,3.6882921844594057,nan,0.0,B0018,34,67.0,88.0,10.754178951552264,0.0,0.9701598911546722,0.9300202839756593
121,rule_based,3.6882921844594057,nan,0.0,B0018,34,10.0,147.0,12.797867150498533,0.0,0.7625,0.9178498985801217
122,mpc,3.161165158460467,nan,0.0,B0006,68,0.0,0.0,18.5,0.14920375269863853,0.985,0.9989858012170385
122,naive,3.161165158460467,nan,0.0,B0006,68,0.0,0.0,18.779028426070294,0.15222449805484967,1.0,1.0
122,rule_based,3.161165158460467,nan,0.0,B0006,68,0.0,4.0,17.46729618830639,0.26493401877178546,0.945,1.0
123,mpc,2.7545952716939874,15.341062171148817,0.28176645361151054,B0006,99,0.0,0.0,18.874304657306222,0.30317485529264965,1.0,1.0
123,naive,2.7545952716939874,15.341062171148817,0.28176645361151054,B0006,99,0.0,0.0,18.779028426070294,0.41746654352867174,1.0,1.0
123,rule_based,2.7545952716939874,15.341062171148817,0.28176645361151054,B0006,99,0.0,0.0,18.77118682631361,0.4174604734359553,0.95,1.0
124,mpc,3.097858047618145,22.765953355192718,0.18629610022879878,B0018,72,0.0,0.0,18.475771740327904,0.14480674347203898,0.9275,0.9858012170385395
124,naive,3.097858047618145,22.765953355192718,0.18629610022879878,B0018,72,1.0,2.0,17.586675424981827,0.0,1.0,0.9979716024340771
124,rule_based,3.097858047618145,22.765953355192718,0.18629610022879878,B0018,72,0.0,22.0,16.81859491255786,0.19755397387935394,0.91,1.0
125,mpc,2.608920471685846,10.335575401581483,0.2620812359101105,B0006,52,0.0,0.0,18.874304657306222,0.3759442344355685,1.0,1.0
125,naive,2.608920471685846,10.335575401581483,0.2620812359101105,B0006,52,0.0,0.0,18.779028426070294,0.464783816815526,1.0,1.0
125,rule_based,2.608920471685846,10.335575401581483,0.2620812359101105,B0006,52,0.0,0.0,18.772015818874213,0.46335461193232585,0.9775,1.0
126,mpc,3.888882494964649,12.912708864606394,0.2120098479508067,B0018,84,9.0,169.0,7.194573980191073,0.0,0.7225,0.7190669371196755
126,naive,3.888882494964649,12.912708864606394,0.2120098479508067,B0018,84,117.0,189.0,7.495705601498783,0.0,0.8953468247706208,0.8752535496957403
126,rule_based,3.888882494964649,12.912708864606394,0.2120098479508067,B0018,84,58.0,217.0,9.585481258246125,0.0,0.705,0.8336713995943205
127,mpc,3.4148142527474654,4.444459326076775,0.2598579577925392,B0018,68,1.0,5.0,17.105025815427208,0.0,0.8,0.8123732251521298
127,naive,3.4148142527474654,4.444459326076775,0.2598579577925392,B0018,68,66.0,86.0,11.932222043497198,0.0,0.972330360980423,0.9300202839756593
127,rule_based,3.4148142527474654,4.444459326076775,0.2598579577925392,B0018,68,9.0,110.0,13.609647978858158,0.0,0.7625,0.9219066937119675
128,mpc,3.0543048355110702,24.45193679137403,0.17090006936261523,B0005,30,0.0,0.0,18.874304657306222,0.40816266448982863,1.0,1.0
128,naive,3.0543048355110702,24.45193679137403,0.17090006936261523,B0005,30,0.0,0.0,18.779028426070294,0.48640757448818167,1.0,1.0
128,rule_based,3.0543048355110702,24.45193679137403,0.17090006936261523,B0005,30,0.0,0.0,18.779028426070294,0.48640757448818167,0.9975,1.0
129,mpc,3.8388644666817218,29.156183617467182,0.2295305587232944,B0005,48,9.0,178.0,8.06300097016337,0.0,0.675,0.6835699797160243
129,naive,3.8388644666817218,29.156183617467182,0.2295305587232944,B0005,48,130.0,210.0,7.876347787122381,0.0,0.8959514761199061,0.859026369168357
129,rule_based,3.8388644666817218,29.156183617467182,0.2295305587232944,B0005,48,53.0,265.0,10.101943008056855,0.0,0.6475,0.7961460446247465
130,mpc,2.997059931193357,32.68591403410433,0.1035786489301061,B0018,90,0.0,0.0,18.452053907898495,0.1447570569637681,0.935,0.9847870182555781
130,naive,2.997059931193357,32.68591403410433,0.1035786489301061,B0018,90,0.0,0.0,18.379730381647587,0.0,0.9987848166198942,1.0
130,rule_based,2.997059931193357,32.68591403410433,0.1035786489301061,B0018,90,0.0,17.0,17.03492737313518,0.24253773257618763,0.905,1.0
131,mpc,2.0498636691130807,29.82926033302058,0.28948362194770666,B0005,60,0.0,0.0,18.874304657306222,0.38628279016141964,1.0,1.0
131,naive,2.0498636691130807,29.82926033302058,0.28948362194770666,B0005,60,0.0,0.0,18.779028426070294,0.48726416633189995,1.0,1.0
131,rule_based,2.0498636691130807,29.82926033302058,0.28948362194770666,B0005,60,0.0,0.0,18.779028426070294,0.48726416633189995,1.0,1.0
132,mpc,2.186131048231915,25.08460901873436,0.1916270659845787,B0005,31,0.0,0.0,18.874304657306222,0.5037083772164156,1.0,1.0
132,naive,2.186131048231915,25.08460901873436,0.1916270659845787,B0005,31,0.0,0.0,18.779028426070294,0.5850719186114298,1.0,1.0
132,rule_based,2.186131048231915,25.08460901873436,0.1916270659845787,B0005,31,0.0,0.0,18.779028426070294,0.5850719186114298,1.0,1.0
133,mpc,4.4972848298027035,32.62586881105085,0.13167583839866234,B0005,100,13.0,235.0,-3.786831359805812,0.0,0.715,0.7109533468559838
133,naive,4.4972848298027035,32.62586881105085,0.13167583839866234,B0005,100,133.0,232.0,-0.26259780875195915,0.0,0.8357025248101294,0.8580121703853956
133,rule_based,4.4972848298027035,32.62586881105085,0.13167583839866234,B0005,100,103.0,250.0,2.502489889955111,0.0,0.7025,0.7799188640973631
134,mpc,2.862433436504067,5.213674919255226,0.16037376886410323,B0018,84,0.0,0.0,18.5,0.14262887917086542,1.0,0.9979716024340771
134,naive,2.862433436504067,5.213674919255226,0.16037376886410323,B0018,84,0.0,0.0,18.779028426070294,0.21215661506705816,1.0,1.0
134,rule_based,2.862433436504067,5.213674919255226,0.16037376886410323,B0018,84,0.0,0.0,18.768746400115848,0.36893684409448874,0.945,1.0
135,mpc,3.36980103869284,17.17430835824691,0.27985488786182444,B0005,23,0.0,0.0,18.45754415504528,0.07928551193149608,0.8725,0.8884381338742393
135,naive,3.36980103869284,17.17430835824691,0.27985488786182444,B0005,23,30.0,45.0,13.29222459089702,0.0,0.9861991886091077,0.9675456389452333
135,rule_based,3.36980103869284,17.17430835824691,0.27985488786182444,B0005,23,0.0,62.0,16.134170354324713,0.01062015812747993,0.8275,0.9726166328600405
136,mpc,2.398443688522587,10.429334452854132,0.27824497301514345,B0005,106,0.0,0.0,18.874304657306222,0.30352793459544386,1.0,1.0
136,naive,2.398443688522587,10.429334452854132,0.27824497301514345,B0005,106,0.0,0.0,18.779028426070294,0.4162922848779332,1.0,1.0
136,rule_based,2.398443688522587,10.429334452854132,0.27824497301514345,B0005,106,0.0,0.0,18.77118683727481,0.4125445655998795,0.9175,1.0
137,mpc,4.025762165410238,15.0288580255449,0.338051998050628,B0018,29,8.0,144.0,6.90002270100514,0.0,0.7525,0.7647058823529411
137,naive,4.025762165410238,15.0288580255449,0.338051998050628,B0018,29,99.0,162.0,7.182607602038889,0.0,0.9086522529385505,0.8945233265720081
137,rule_based,4.025762165410238,15.0288580255449,0.338051998050628,B0018,29,49.0,193.0,9.18360158277511,0.0,0.74,0.845841784989858
138,mpc,3.4504242472330158,nan,0.0,B0006,63,0.0,0.0,18.459869763213735,0.12050859721326167,0.92,0.9310344827586207
138,naive,3.4504242472330158,nan,0.0,B0006,63,9.0,15.0,15.03383447510587,0.0,0.9941998351078893,0.9888438133874239
138,rule_based,3.4504242472330158,nan,0.0,B0006,63,0.0,38.0,16.27835813258923,0.09052298629986595,0.88,0.9939148073022313
139,mpc,2.4859983785865434,11.65091866495418,0.32460001340219924,B0006,59,0.0,0.0,18.874304657306222,0.31348690090228815,1.0,1.0
139,naive,2.4859983785865434,11.65091866495418,0.32460001340219924,B0006,59,0.0,0.0,18.779028426070294,0.42494730411604964,1.0,1.0
139,rule_based,2.4859983785865434,11.65091866495418,0.32460001340219924,B0006,59,0.0,0.0,18.770807403474727,0.4233702364796195,0.9275,1.0
140,mpc,2.693758312398037,18.81067093641111,0.3313508978367179,B0005,56,0.0,0.0,18.874304657306222,0.356329320192594,1.0,1.0
140,naive,2.693758312398037,18.81067093641111,0.3313508978367179,B0005,56,0.0,0.0,18.779028426070294,0.4627977422649207,1.0,1.0
140,rule_based,2.693758312398037,18.81067093641111,0.3313508978367179,B0005,56,0.0,0.0,18.778596620653065,0.4627933869085484,0.9875,1.0
141,mpc,3.2154142202297695,9.434316194479301,0.294314814954633,B0005,60,0.0,0.0,18.480879179227397,0.13605386400151975,0.8075,0.9066937119675457
141,naive,3.2154142202297695,9.434316194479301,0.294314814954633,B0005,60,41.0,63.0,13.660793676158418,0.0,0.9785496994322174,0.9513184584178499
141,rule_based,3.2154142202297695,9.434316194479301,0.294314814954633,B0005,60,0.0,84.0,16.179739673352582,0.013331105856379645,0.8025,0.960446247464503
142,mpc,2.48149022277584,22.421172289146135,0.2779492858909313,B0005,89,0.0,0.0,18.874304657306222,0.3460296588412948,1.0,1.0
142,naive,2.48149022277584,22.421172289146135,0.2779492858909313,B0005,89,0.0,0.0,18.779028426070294,0.45338521641773155,1.0,1.0
142,rule_based,2.48149022277584,22.421172289146135,0.2779492858909313,B0005,89,0.0,0.0,18.778682750057555,0.45338519894439483,0.985,1.0
143,mpc,2.818678314493834,11.716831915960562,0.19963419935040297,B0006,52,0.0,0.0,18.874304657306222,0.25909876843384244,1.0,1.0
143,naive,2.818678314493834,11.716831915960562,0.19963419935040297,B0006,52,0.0,0.0,18.779028426070294,0.3886066302882644,1.0,1.0
143,rule_based,2.818678314493834,11.716831915960562,0.19963419935040297,B0006,52,0.0,0.0,18.771409073323987,0.41459054655120786,0.9825,1.0
144,mpc,2.8947303613371194,30.57509194931532,0.1916501082790274,B0018,18,0.0,0.0,18.874304657306222,0.14429818817283727,1.0,1.0
144,naive,2.8947303613371194,30.57509194931532,0.1916501082790274,B0018,18,0.0,0.0,18.779028426070294,0.2944868331253744,1.0,1.0
144,rule_based,2.8947303613371194,30.57509194931532,0.1916501082790274,B0018,18,0.0,0.0,18.769900001398348,0.3662300679404733,0.96,1.0
145,mpc,2.431012637041998,32.10976057547302,0.19700906775462526,B0005,65,0.0,0.0,18.874304657306222,0.44710055530174503,1.0,1.0
145,naive,2.431012637041998,32.10976057547302,0.19700906775462526,B0005,65,0.0,0.0,18.779028426070294,0.5368044879720633,1.0,1.0
145,rule_based,2.431012637041998,32.10976057547302,0.19700906775462526,B0005,65,0.0,0.0,18.779028426070294,0.5368044879720633,1.0,1.0
146,mpc,4.377779597367532,24.034752036877876,0.22055257553481844,B0018,66,7.0,127.0,8.913021946033917,0.0,0.79,0.783975659229209
146,naive,4.377779597367532,24.034752036877876,0.22055257553481844,B0018,66,85.0,131.0,8.796831591209232,0.0,0.9290076408322616,0.9087221095334685
146,rule_based,4.377779597367532,24.034752036877876,0.22055257553481844,B0018,66,34.0,178.0,10.0032620741647,0.0,0.7575,0.8691683569979716
147,mpc,3.760146509572407,22.69055776637824,0.12540586061722905,B0005,16,0.0,5.0,17.51550055689006,0.0,0.845,0.8356997971602435
147,naive,3.760146509572407,22.69055776637824,0.12540586061722905,B0005,16,46.0,56.0,12.101368792757162,0.0,0.9812841206176014,0.9513184584178499
147,rule_based,3.760146509572407,22.69055776637824,0.12540586061722905,B0005,16,2.0,117.0,14.726128365665566,0.0,0.795,0.9442190669371197
148,mpc,3.283081398873059,nan,0.0,B0018,86,0.0,0.0,18.465271291626795,0.13415200295974242,0.81,0.8569979716024341
148,naive,3.283081398873059,nan,0.0,B0018,86,46.0,63.0,13.069086567386076,0.0,0.977268478759425,0.949290060851927
148,rule_based,3.283081398873059,nan,0.0,B0018,86,0.0,92.0,16.083254624524628,0.00594389607263438,0.78,0.9574036511156186
149,mpc,4.039734885138699,nan,0.0,B0006,37,13.0,210.0,2.9608895525396486,0.0,0.695,0.6866125760649088
149,naive,4.039734885138699,nan,0.0,B0006,37,131.0,223.0,4.704590494413186,0.0,0.8589358709684234,0.8610547667342799
149,rule_based,4.039734885138699,nan,0.0,B0006,37,79.0,254.0,7.607241435307913,0.0,0.6775,0.7829614604462475
150,mpc,3.5069104148820287,30.55912332351093,0.31766475852602827,B0005,100,0.0,2.0,17.56841875477833,0.0,0.8175,0.8123732251521298
150,naive,3.5069104148820287,30.55912332351093,0.31766475852602827,B0005,100,58.0,73.0,11.88194996544705,0.0,0.975968619323588,0.9391480730223124
150,rule_based,3.5069104148820287,30.55912332351093,0.31766475852602827,B0005,100,6.0,112.0,13.912769303194391,0.0,0.765,0.9300202839756593
151,mpc,2.358838436199207,24.846100910735213,0.15391759578716155,B0006,53,0.0,0.0,18.874304657306222,0.44919089041917565,1.0,1.0
151,naive,2.358838436199207,24.846100910735213,0.15391759578716155,B0006,53,0.0,0.0,18.779028426070294,0.5382850568686018,1.0,1.0
151,rule_based,2.358838436199207,24.846100910735213,0.15391759578716155,B0006,53,0.0,0.0,18.779028426070294,0.5382850568686018,1.0,1.0
152,mpc,2.5119211798644034,7.219571138003875,0.23799933809277263,B0005,40,0.0,0.0,18.874304657306222,0.4536670096531412,1.0,1.0
152,naive,2.5119211798644034,7.219571138003875,0.23799933809277263,B0005,40,0.0,0.0,18.779028426070294,0.5430613902226435,1.0,1.0
152,rule_based,2.5119211798644034,7.219571138003875,0.23799933809277263,B0005,40,0.0,0.0,18.779028426070294,0.5430613902226435,1.0,1.0
153,mpc,3.9132078645399058,nan,0.0,B0005,26,7.0,121.0,9.135901523195631,0.0,0.77,0.7596348884381339
153,naive,3.9132078645399058,nan,0.0,B0005,26,92.0,142.0,8.511144678051817,0.0,0.9283071084861223,0.9016227180527383
153,rule_based,3.9132078645399058,nan,0.0,B0005,26,34.0,192.0,10.569236576791539,0.0,0.735,0.8559837728194726
154,mpc,2.067963467824182,28.74034565634882,0.2163805253853219,B0006,54,0.0,0.0,18.874304657306222,0.41085163244733136,1.0,1.0
154,naive,2.067963467824182,28.74034565634882,0.2163805253853219,B0006,54,0.0,0.0,18.779028426070294,0.5059725702477057,1.0,1.0
154,rule_based,2.067963467824182,28.74034565634882,0.2163805253853219,B0006,54,0.0,0.0,18.779028426070294,0.5059725702477057,1.0,1.0
155,mpc,4.005870445773973,nan,0.0,B0006,97,13.0,223.0,2.9193102357232954,0.0,0.6925,0.6967545638945233
155,naive,4.005870445773973,nan,0.0,B0006,97,137.0,231.0,4.909802410921959,0.0,0.8521552911403262,0.8549695740365112
155,rule_based,4.005870445773973,nan,0.0,B0006,97,91.0,262.0,7.911449544254708,0.0,0.685,0.7758620689655172
156,mpc,2.110747161958595,16.491577066879998,0.31726893861172784,B0018,34,0.0,0.0,18.874304657306222,0.3588086458190687,1.0,1.0
156,naive,2.110747161958595,16.491577066879998,0.31726893861172784,B0018,34,0.0,0.0,18.779028426070294,0.4635030718445986,1.0,1.0
156,rule_based,2.110747161958595,16.491577066879998,0.31726893861172784,B0018,34,0.0,0.0,18.778533199391994,0.46350307184459727,0.9825,1.0
157,mpc,4.112480008488358,28.766131269871437,0.2867058283395755,B0018,33,7.0,131.0,8.816665566188588,0.0,0.7625,0.7596348884381339
157,naive,4.112480008488358,28.766131269871437,0.2867058283395755,B0018,33,94.0,148.0,8.157245977541049,0.0,0.9205618603853076,0.8985801217038539
157,rule_based,4.112480008488358,28.766131269871437,0.2867058283395755,B0018,33,39.0,196.0,9.889073672391977,0.0,0.73,0.8519269776876268
158,mpc,3.306416803815607,nan,0.0,B0006,26,0.0,0.0,18.5,0.18631064982657633,0.995,1.0
158,naive,3.306416803815607,nan,0.0,B0006,26,0.0,0.0,18.779028426070294,0.22698112018822833,1.0,1.0
158,rule_based,3.306416803815607,nan,0.0,B0006,26,0.0,0.0,18.2752642220954,0.28737278102858504,0.95,1.0
159,mpc,3.687495490402809,28.456504068909993,0.23645862165971474,B0018,101,6.0,103.0,11.164288558280791,0.0,0.7475,0.7515212981744422
159,naive,3.687495490402809,28.456504068909993,0.23645862165971474,B0018,101,99.0,138.0,9.641877473856212,0.0,0.9388529035528193,0.8955375253549696
159,rule_based,3.687495490402809,28.456504068909993,0.23645862165971474,B0018,101,33.0,198.0,11.02970919969045,0.0,0.7075,0.8630831643002028
160,mpc,3.254215527761566,19.618833742018907,0.28443687595556816,B0018,27,0.0,0.0,18.459281041042832,0.12565905676162123,0.8525,0.9046653144016227
160,naive,3.254215527761566,19.618833742018907,0.28443687595556816,B0018,27,26.0,38.0,13.568985721938809,0.0,0.9852617809153821,0.9705882352941176
160,rule_based,3.254215527761566,19.618833742018907,0.28443687595556816,B0018,27,0.0,63.0,16.154624560712335,0.07613960977769521,0.8225,0.9817444219066938
161,mpc,3.7148744764094266,nan,0.0,B0018,90,3.0,24.0,14.910492966005759,0.0,0.8225,0.8113590263691683
161,naive,3.7148744764094266,nan,0.0,B0018,90,61.0,81.0,11.22098537802998,0.0,0.9738638112458964,0.9350912778904665
161,rule_based,3.7148744764094266,nan,0.0,B0018,90,10.0,125.0,12.9750435453576,0.0,0.785,0.9249492900608519
162,mpc,2.0327340356162646,18.085433856332408,0.1696790786152129,B0006,34,0.0,0.0,18.874304657306222,0.4801299163667918,1.0,1.0
162,naive,2.0327340356162646,18.085433856332408,0.1696790786152129,B0006,34,0.0,0.0,18.779028426070294,0.5651922066558779,1.0,1.0
162,rule_based,2.0327340356162646,18.085433856332408,0.1696790786152129,B0006,34,0.0,0.0,18.779028426070294,0.5651922066558779,1.0,1.0
163,mpc,4.2415983985532915,17.250276285190534,0.25467287070436045,B0018,109,12.0,219.0,2.4596566215562,0.0,0.7020845417039959,0.7068965517241379
163,naive,4.2415983985532915,17.250276285190534,0.25467287070436045,B0018,109,133.0,226.0,4.266086107829815,0.0,0.864043944101304,0.8580121703853956
163,rule_based,4.2415983985532915,17.250276285190534,0.25467287070436045,B0018,109,85.0,246.0,6.704668239890225,0.0,0.6725,0.7931034482758621
164,mpc,3.5483564292756933,17.67143554626193,0.17238441438990904,B0005,27,0.0,0.0,18.5,0.13256397317532007,0.915,0.9239350912778904
164,naive,3.5483564292756933,17.67143554626193,0.17238441438990904,B0005,27,12.0,20.0,14.850400341658373,0.0,0.9928934605454807,0.986815415821501
164,rule_based,3.5483564292756933,17.67143554626193,0.17238441438990904,B0005,27,0.0,41.0,16.303740813541967,0.10329768515455989,0.8725,0.9918864097363083
165,mpc,3.2570867573616926,19.813205815778755,0.13806457795161312,B0006,29,0.0,0.0,18.499999999999986,0.176293769800617,0.9875,0.9929006085192698
165,naive,3.2570867573616926,19.813205815778755,0.13806457795161312,B0006,29,0.0,0.0,18.779028426070294,0.16734065475620424,1.0,1.0
165,rule_based,3.2570867573616926,19.813205815778755,0.13806457795161312,B0006,29,0.0,4.0,17.20588053226944,0.2721706581672633,0.9425,1.0
166,mpc,3.6249135638377434,12.005128748569362,0.2624424868591093,B0005,75,6.0,76.0,12.396247709590165,0.0,0.75,0.768762677484787
166,naive,3.6249135638377434,12.005128748569362,0.2624424868591093,B0005,75,95.0,126.0,10.161655975683884,0.0,0.9494573879340013,0.8975659229208925
166,rule_based,3.6249135638377434,12.005128748569362,0.2624424868591093,B0005,75,29.0,176.0,11.490320053149986,0.0,0.7225,0.8803245436105477
167,mpc,2.791950924081571,nan,0.0,B0006,103,0.0,0.0,18.874304657306222,0.321718888648241,1.0,1.0
167,naive,2.791950924081571,nan,0.0,B0006,103,0.0,0.0,18.779028426070294,0.4548755506073211,1.0,1.0
167,rule_based,2.791950924081571,nan,0.0,B0006,103,0.0,0.0,18.772383898406932,0.46249065258280736,0.9925,1.0
168,mpc,3.320295781357338,20.603370413217146,0.32659928538738237,B0005,14,0.0,0.0,18.5,0.14472980798350124,0.8975,0.9330628803245437
168,naive,3.320295781357338,20.603370413217146,0.32659928538738237,B0005,14,11.0,18.0,15.342065308768115,0.0,0.9922174599985445,0.986815415821501
168,rule_based,3.320295781357338,20.603370413217146,0.32659928538738237,B0005,14,0.0,38.0,16.464050047260958,0.14478606789365747,0.8575,0.9979716024340771
169,mpc,4.470363538634602,7.987895148702002,0.2280581632088512,B0006,10,15.0,258.0,-1.613974568390105,0.0,0.6675,0.6612576064908722
169,naive,4.470363538634602,7.987895148702002,0.2280581632088512,B0006,10,154.0,265.0,1.282845395669797,0.0,0.8226185017483474,0.8367139959432048
169,rule_based,4.470363538634602,7.987895148702002,0.2280581632088512,B0006,10,108.0,288.0,4.069162097719506,0.0,0.6475,0.7505070993914807
170,mpc,3.2700645864650006,14.848697526137837,0.2951506011804572,B0005,102,0.0,0.0,18.5,0.14011802013061356,0.9075,0.9452332657200812
170,naive,3.2700645864650006,14.848697526137837,0.2951506011804572,B0005,102,14.0,24.0,15.039920513077783,0.0,0.9911401235241959,0.9837728194726166
170,rule_based,3.2700645864650006,14.848697526137837,0.2951506011804572,B0005,102,0.0,41.0,16.404689348250244,0.1293146210899614,0.8175,0.9949290060851927
171,mpc,3.512108565402415,nan,0.0,B0006,28,0.0,0.0,18.5,0.04252467032039465,0.8475,0.8620689655172413
171,naive,3.512108565402415,nan,0.0,B0006,28,38.0,51.0,12.717326392198254,0.0,0.9843142841759726,0.9594320486815415
171,rule_based,3.512108565402415,nan,0.0,B0006,28,0.0,90.0,15.98504428088538,0.010164496294074836,0.79,0.9614604462474645
172,mpc,2.886867045879145,25.24817839461581,0.14157272385057373,B0006,30,0.0,0.0,18.874304657306222,0.44351096902465603,1.0,1.0
172,naive,2.886867045879145,25.24817839461581,0.14157272385057373,B0006,30,0.0,0.0,18.779028426070294,0.5235416362155012,1.0,1.0
172,rule_based,2.886867045879145,25.24817839461581,0.14157272385057373,B0006,30,0.0,0.0,18.779028426070294,0.5235416362155012,1.0,1.0
173,mpc,3.2406751724889036,nan,0.0,B0006,57,0.0,0.0,18.5,0.1551339795012942,0.99,0.9979716024340771
173,naive,3.2406751724889036,nan,0.0,B0006,57,0.0,0.0,18.779028426070294,0.17872857157991565,1.0,1.0
173,rule_based,3.2406751724889036,nan,0.0,B0006,57,0.0,4.0,17.45770148177327,0.2635223884162252,0.9575,1.0
174,mpc,3.471058382992566,26.377695194951894,0.29140810914385396,B0006,21,0.0,0.0,18.33844164063126,0.005752812114272485,0.8025,0.8103448275862069
174,naive,3.471058382992566,26.377695194951894,0.29140810914385396,B0006,21,59.0,76.0,11.65331603968212,0.0,0.9760979599068564,0.9371196754563894
174,rule_based,3.471058382992566,26.377695194951894,0.29140810914385396,B0006,21,3.0,130.0,14.319791822929295,0.0,0.755,0.9381338742393509
175,mpc,2.7619655885913397,14.94348743881951,0.25187118496738187,B0006,55,0.0,0.0,18.874304657306222,0.35196714599776097,1.0,1.0
175,naive,2.7619655885913397,14.94348743881951,0.25187118496738187,B0006,55,0.0,0.0,18.779028426070294,0.4192271276317838,1.0,1.0
175,rule_based,2.7619655885913397,14.94348743881951,0.25187118496738187,B0006,55,0.0,0.0,18.77118684787216,0.45730288789516904,0.975,1.0
176,mpc,2.2472679819083017,23.623616350825476,0.14791116491611517,B0006,28,0.0,0.0,18.874304657306222,0.5094840640276231,1.0,1.0
176,naive,2.2472679819083017,23.623616350825476,0.14791116491611517,B0006,28,0.0,0.0,18.779028426070294,0.5902063678139423,1.0,1.0
176,rule_based,2.2472679819083017,23.623616350825476,0.14791116491611517,B0006,28,0.0,0.0,18.779028426070294,0.5902063678139423,1.0,1.0
177,mpc,3.4024649136032448,22.78237956012734,0.1290624107267309,B0005,35,0.0,0.0,18.5,0.18048152320934893,0.995,1.0
177,naive,3.4024649136032448,22.78237956012734,0.1290624107267309,B0005,35,0.0,0.0,18.779028426070294,0.21223061607768626,1.0,1.0
177,rule_based,3.4024649136032448,22.78237956012734,0.1290624107267309,B0005,35,0.0,1.0,17.804138792286683,0.2774237713328688,0.955,1.0
178,mpc,2.619106699886115,7.904635253384182,0.16169068048927066,B0018,105,0.0,0.0,18.874304657306222,0.410868328079967,1.0,1.0
178,naive,2.619106699886115,7.904635253384182,0.16169068048927066,B0018,105,0.0,0.0,18.779028426070294,0.48403252752611986,1.0,1.0
178,rule_based,2.619106699886115,7.904635253384182,0.16169068048927066,B0018,105,0.0,0.0,18.777134165717392,0.48402882580642026,0.9925,1.0
179,mpc,3.206392422352746,17.233140122096156,0.16520588607103598,B0005,82,0.0,0.0,18.456615563098442,0.1502920400409176,0.925,0.9594320486815415
179,naive,3.206392422352746,17.233140122096156,0.16520588607103598,B0005,82,4.0,6.0,16.1118687201859,0.0,0.9970130627320077,0.9959432048681541
179,rule_based,3.206392422352746,17.233140122096156,0.16520588607103598,B0005,82,0.0,29.0,16.573569802797532,0.14859922238323506,0.9,0.9989858012170385
180,mpc,4.0527996089494165,nan,0.0,B0005,48,8.0,145.0,6.719012496988026,0.0,0.745,0.742393509127789
180,naive,4.0527996089494165,nan,0.0,B0005,48,104.0,167.0,6.916419506352331,0.0,0.9039985837403569,0.8884381338742393
180,rule_based,4.0527996089494165,nan,0.0,B0005,48,51.0,208.0,9.0698839708967,0.0,0.72,0.8336713995943205
181,mpc,3.9454935933511543,5.20346713180572,0.2900029888613604,B0018,28,11.0,186.0,6.342683210118075,0.0,0.7225,0.7109533468559838
181,naive,3.9454935933511543,5.20346713180572,0.2900029888613604,B0018,28,122.0,199.0,7.08772302353138,0.0,0.8956887553167562,0.8681541582150102
181,rule_based,3.9454935933511543,5.20346713180572,0.2900029888613604,B0018,28,62.0,221.0,9.335838753682118,0.0,0.705,0.8164300202839757
182,mpc,2.8736856134512596,nan,0.0,B0006,98,0.0,0.0,18.874304657306222,0.1481114404073356,1.0,1.0
182,naive,2.8736856134512596,nan,0.0,B0006,98,0.0,0.0,18.779028426070294,0.272411445403488,1.0,1.0
182,rule_based,2.8736856134512596,nan,0.0,B0006,98,0.0,0.0,18.769491913443705,0.361937886280965,0.96,1.0
183,mpc,2.200234761898871,6.182086237363389,0.19924311240547019,B0005,79,0.0,0.0,18.874304657306222,0.4207876413184706,1.0,1.0
183,naive,2.200234761898871,6.182086237363389,0.19924311240547019,B0005,79,0.0,0.0,18.779028426070294,0.5148446762101544,1.0,1.0
183,rule_based,2.200234761898871,6.182086237363389,0.19924311240547019,B0005,79,0.0,0.0,18.779028426070294,0.5148446762101544,1.0,1.0
184,mpc,4.105738068002967,11.50606951347934,0.3207901809203436,B0018,99,17.0,308.0,0.7069683201555965,0.0,0.625,0.6338742393509128
184,naive,4.105738068002967,11.50606951347934,0.3207901809203436,B0018,99,179.0,307.0,3.565696615736952,0.0,0.8008885622694024,0.8103448275862069
184,rule_based,4.105738068002967,11.50606951347934,0.3207901809203436,B0018,99,131.0,320.0,6.934068033957661,0.0,0.595,0.7139959432048681
185,mpc,2.2802439265585757,7.412860579475865,0.34861612438737033,B0018,87,0.0,0.0,18.874304657306222,0.22779893170660148,1.0,1.0
185,naive,2.2802439265585757,7.412860579475865,0.34861612438737033,B0018,87,0.0,0.0,18.779028426070294,0.35122256597017243,1.0,1.0
185,rule_based,2.2802439265585757,7.412860579475865,0.34861612438737033,B0018,87,0.0,0.0,18.76980309955926,0.34710108683476965,0.8775,1.0
186,mpc,2.717542985146895,18.82064891432396,0.1964716703513529,B0018,32,0.0,0.0,18.874304657306222,0.4580438937907071,1.0,1.0
186,naive,2.717542985146895,18.82064891432396,0.1964716703513529,B0018,32,0.0,0.0,18.779028426070294,0.5463602175444435,1.0,1.0
186,rule_based,2.717542985146895,18.82064891432396,0.1964716703513529,B0018,32,0.0,0.0,18.779028426070294,0.5463602175444435,1.0,1.0
187,mpc,2.765171620564739,14.956997991484286,0.33903288899892914,B0018,21,0.0,0.0,18.49999999999999,0.1412827332188281,1.0,1.0
187,naive,2.765171620564739,14.956997991484286,0.33903288899892914,B0018,21,0.0,0.0,18.779028426070294,0.15007031162739343,1.0,1.0
187,rule_based,2.765171620564739,14.956997991484286,0.33903288899892914,B0018,21,0.0,0.0,18.769491906205026,0.3169720418631803,0.935,1.0
188,mpc,3.6486798732086765,33.01463725865274,0.2175207943346558,B0006,78,8.0,91.0,11.696792483282394,0.0,0.7275,0.7505070993914807
188,naive,3.6486798732086765,33.01463725865274,0.2175207943346558,B0006,78,103.0,144.0,9.662922881433806,0.0,0.9399970290906091,0.8904665314401623
188,rule_based,3.6486798732086765,33.01463725865274,0.2175207943346558,B0006,78,30.0,208.0,11.229379047421071,0.0,0.71,0.859026369168357
189,mpc,2.4263550177910718,26.36807270419833,0.11225764166841534,B0006,107,0.0,0.0,18.874304657306222,0.41726674341256464,1.0,1.0
189,naive,2.4263550177910718,26.36807270419833,0.11225764166841534,B0006,107,0.0,0.0,18.779028426070294,0.5130003649590744,1.0,1.0
189,rule_based,2.4263550177910718,26.36807270419833,0.11225764166841534,B0006,107,0.0,0.0,18.779028426070294,0.5130003649590744,1.0,1.0
190,mpc,3.966627911020287,18.27826218358012,0.11256729325501458,B0005,49,8.0,130.0,8.865026782592532,0.0,0.75,0.7565922920892495
190,naive,3.966627911020287,18.27826218358012,0.11256729325501458,B0005,49,98.0,149.0,8.255101287959615,0.0,0.922461264900222,0.8955375253549696
190,rule_based,3.966627911020287,18.27826218358012,0.11256729325501458,B0005,49,38.0,203.0,10.119418103940848,0.0,0.7225,0.8509127789046653
191,mpc,3.6558153607024058,33.5907576239474,0.28959231922280865,B0005,40,0.0,9.0,16.89278132052886,0.0,0.8225,0.8286004056795132
191,naive,3.6558153607024058,33.5907576239474,0.28959231922280865,B0005,40,54.0,72.0,11.790826811638457,0.0,0.9786399002475349,0.9391480730223124
191,rule_based,3.6558153607024058,33.5907576239474,0.28959231922280865,B0005,40,4.0,130.0,14.241289149487239,0.0,0.7675,0.9350912778904665
192,mpc,4.2487961154798,nan,0.0,B0018,97,8.0,144.0,5.611617661257329,0.0,0.7875,0.7829614604462475
192,naive,4.2487961154798,nan,0.0,B0018,97,91.0,148.0,6.487143969046096,0.0,0.9124349585460135,0.9036511156186613
192,rule_based,4.2487961154798,nan,0.0,B0018,97,51.0,173.0,8.242234210849187,0.0,0.7675,0.8600405679513184
193,mpc,3.157714145545747,9.603170511736185,0.16265785660308482,B0006,87,0.0,0.0,18.5,0.1682481498562399,0.9925,1.0
193,naive,3.157714145545747,9.603170511736185,0.16265785660308482,B0006,87,0.0,0.0,18.779028426070294,0.20938241829256687,1.0,1.0
193,rule_based,3.157714145545747,9.603170511736185,0.16265785660308482,B0006,87,0.0,0.0,18.27651429960129,0.28620327655643896,0.965,1.0
194,mpc,2.839595493302377,22.298078222396704,0.2945603403853057,B0006,50,0.0,0.0,18.874304657306222,0.35265885559724913,1.0,1.0
194,naive,2.839595493302377,22.298078222396704,0.2945603403853057,B0006,50,0.0,0.0,18.779028426070294,0.45827096033400144,1.0,1.0
194,rule_based,2.839595493302377,22.298078222396704,0.2945603403853057,B0006,50,0.0,0.0,18.778682750057555,0.45826641198080337,0.9875,1.0
195,mpc,2.923711769341338,29.515006132364952,0.318868602691081,B0006,108,0.0,0.0,18.471044062464987,0.14897646819135438,0.9575,0.9929006085192698
195,naive,2.923711769341338,29.515006132364952,0.318868602691081,B0006,108,0.0,0.0,18.779028426070294,0.04266773312437049,1.0,1.0
195,rule_based,2.923711769341338,29.515006132364952,0.318868602691081,B0006,108,0.0,7.0,17.220443194145805,0.2493501889451763,0.9,1.0
196,mpc,2.089380870188152,32.52626349309771,0.30944001419131456,B0006,49,0.0,0.0,18.874304657306222,0.33820164731094005,1.0,1.0
196,naive,2.089380870188152,32.52626349309771,0.30944001419131456,B0006,49,0.0,0.0,18.779028426070294,0.4423940231696418,1.0,1.0
196,rule_based,2.089380870188152,32.52626349309771,0.30944001419131456,B0006,49,0.0,0.0,18.779024250630865,0.4423940062111488,0.9925,1.0
197,mpc,2.0512850111979777,3.6357155608647815,0.17069010400380324,B0006,56,0.0,0.0,18.874304657306222,0.43788172886103066,1.0,1.0
197,naive,2.0512850111979777,3.6357155608647815,0.17069010400380324,B0006,56,0.0,0.0,18.779028426070294,0.5287174275513268,1.0,1.0
197,rule_based,2.0512850111979777,3.6357155608647815,0.17069010400380324,B0006,56,0.0,0.0,18.779028426070294,0.5287174275513268,1.0,1.0
198,mpc,3.621374054852801,nan,0.0,B0005,78,4.0,28.0,15.168121934786294,0.0,0.7825,0.7870182555780934
198,naive,3.621374054852801,nan,0.0,B0005,78,76.0,98.0,10.789905944041372,0.0,0.9652041576142003,0.9178498985801217
198,rule_based,3.621374054852801,nan,0.0,B0005,78,13.0,163.0,12.670816072931029,0.0,0.74,0.9046653144016227
199,mpc,3.009575374374629,19.466827246959593,0.29301241214586005,B0018,67,0.0,0.0,18.452892783501575,0.1427002868452821,0.8875,0.9847870182555781
199,naive,3.009575374374629,19.466827246959593,0.29301241214586005,B0018,67,9.0,17.0,16.279460407958194,0.0,0.992110849857175,0.9888438133874239
199,rule_based,3.009575374374629,19.466827246959593,0.29301241214586005,B0018,67,0.0,33.0,16.76664661243383,0.1443279131711683,0.8625,0.9989858012170385
